Iteration,Value
1,7500.0
2,11250.0
3,16875.0
4,25312.5
5,37968.75
6,56953.125
7,85429.6875
8,128144.53125
9,192216.796875
10,288325.1953125
